"{""Ableiges""=>""mairie.ableiges95@wanadoo.fr""}",
"{""Aincourt""=>""mairie.aincourt@wanadoo.fr""}",
"{""Ambleville""=>""mairie.ambleville@wanadoo.fr""}",
"{""Amenucourt""=>""mairie.amenucourt@wanadoo.fr""}",
"{""Andilly""=>""mairie.andilly@wanadoo.fr""}",
"{""Argenteuil""=>""christian.bournery@ville-argenteuil.fr""}",
"{""Arnouvillelesgonesse""=>""webmaster@villedarnouville.com""}",
"{""Arronville""=>""arronville@wanadoo.fr""}",
"{""Arthies""=>""mairie-arthies-95@wanadoo.fr""}",
"{""Asnieressuroise""=>""herve.pellin@ville-asnieres-sur-oise.fr""}",
"{""Attainville""=>""mairie@attainville.fr""}",
"{""Auverssuroise""=>""communication@auvers-sur-oise.com""}",
"{""Avernes""=>""mairie.avernes@orange.fr""}",
"{""Bailletenfrance""=>""info@baillet-en-france.fr""}",
"{""Banthelu""=>""mairie.banthelu@wanadoo.fr""}",
"{""Beauchamp""=>""accueil-mairie@ville-beauchamp.fr""}",
"{""Beaumontsuroise""=>""beaumont.sg@wanadoo.fr""}",
"{""Bellefontaine""=>""mairiebellefontaine2@wanadoo.fr""}",
"{""Belloyenfrance""=>""secretariat@mairie-belloy-en-france.fr""}",
"{""Bernessuroise""=>""mairiebernes@wanadoo.fr""}",
"{""Berville""=>""mairie.de.berville@wanadoo.fr""}",
"{""Bessancourt""=>""melody.quesnel@ville-bessancourt.fr""}",
"{""Bethemontlaforet""=>""mairie.bethemont-laforet@wanadoo.fr""}",
"{""Bezons""=>""courrier@mairie-bezons.fr""}",
"{""Boisemont""=>""commune.boisemont@wanadoo.fr""}",
"{""Boissylaillerie""=>""mairie.boissy-laillerie@wanadoo.fr""}",
"{""Bonneuilenfrance""=>""bonneuil-en-france95@orange.fr""}",
"{""Bouffemont""=>""info@ville-bouffemont.fr""}",
"{""Bouqueval""=>""mairiebouqueval@wanadoo.fr""}",
"{""Brayetlu""=>""mairie.brayetlu@wanadoo.fr""}",
"{""Breancon""=>""mairie.breancon@wanadoo.fr""}",
"{""Brignancourt""=>""brignancourt@wanadoo.fr""}",
"{""Bruyeressuroise""=>""mairie.bruyeres.sur.oise@wanadoo.fr""}",
"{""Buhy""=>""mairie.buhy@wanadoo.fr""}",
"{""Butrysuroise""=>""mairiedebutrysuroise@wanadoo.fr""}",
"{""Cergy""=>""contact@ville-cergy.fr""}",
"{""Champagnesuroise""=>""cjacqueline@villedechampagne.fr""}",
"{""Charmont""=>""mairie.charmont@wanadoo.fr""}",
"{""Chars""=>""mairie.chars@wanadoo.fr""}",
"{""Chatenayenfrance""=>""""}",
"{""Chaumontel""=>""mairie.chaumontel@wanadoo.fr""}",
"{""Chaussy""=>""mairie.chaussy@wanadoo.fr""}",
"{""Chauvry""=>""mairie.de.chauvry@wanadoo.fr""}",
"{""Chennevieresleslouvres""=>""mairie.chennevieres@wanadoo.fr""}",
"{""Cherence""=>""mairie.cherence@wanadoo.fr""}",
"{""Cleryenvexin""=>""commune-de-clery@wanadoo.fr""}",
"{""Commeny""=>""mairiecommeny@wanadoo.fr""}",
"{""Condecourt""=>""mairie.condecourt@wanadoo.fr""}",
"{""Cormeillesenparisis""=>""contact@ville-cormeilles95.fr""}",
"{""Cormeillesenvexin""=>""mairie-cormeillesenvexin@wanadoo.fr""}",
"{""Courcellessurviosne""=>""mairie-courcellessurviosne95@wanadoo.fr""}",
"{""Courdimanche""=>""communication@ville-courdimanche.fr""}",
"{""Deuillabarre""=>""accueil@mairie-deuillabarre.fr""}",
"{""Domont""=>""mairiedomont@magic.fr""}",
"{""Eaubonne""=>""information@eaubonne.fr""}",
"{""Ecouen""=>""contact@ecouen.fr""}",
"{""Enghienlesbains""=>""direction.generale@enghien95.fr""}",
"{""Ennery""=>""mairie@ennery.fr""}",
"{""Epiaisleslouvres""=>""mairieepiais-leslouvres@wanadoo.fr""}",
"{""Epiaisrhus""=>""mairie.epiais-rhus@wanadoo.fr""}",
"{""Epinaychamplatreux""=>""mairie.ep.champlatreux@wanadoo.fr""}",
"{""Eragnysuroise""=>""bureauetconseil@eragny.fr""}",
"{""Ermont""=>""mairie@ville-ermont.fr""}",
"{""Ezanville""=>""secret.mairie@ezanville.fr""}",
"{""Fontenayenparisis""=>""mairiefontenay@roissy-online.com""}",
"{""Fosses""=>""contact@ville-fosses95.fr""}",
"{""Franconville""=>""Communication@ville-franconville.fr""}",
"{""Fremainville""=>""fremainville-mairie@wanadoo.fr""}",
"{""Fremecourt""=>""mairiefremecourt@orange.fr""}",
"{""Frepillon""=>""mairie@frepillon.fr""}",
"{""Frouville""=>""mairie-frouville95@wanadoo.fr""}",
"{""Gadancourt""=>""mairie-gadancourt@orange.fr""}",
"{""Gargeslesgonesse""=>""communication@villedegarges.com""}",
"{""Genainville""=>""mairie-genainville@wanadoo.fr""}",
"{""Genicourt""=>""mairie.genicourt@wanadoo.fr""}",
"{""Gonesse""=>""contact@villaeroport.org""}",
"{""Goussainville""=>""maire@ville-goussainville.fr""}",
"{""Gouzangrez""=>""mairiedegouzangrez@orange.fr""}",
"{""Grisylesplatres""=>""""}",
"{""Groslay""=>""assistante_du_maire@mairie-groslay.fr""}",
"{""Guiryenvexin""=>""mairie.guiry-en-vexin@wanadoo.fr""}",
"{""Haravilliers""=>""commune.haravilliers@orange.fr""}",
"{""Hauteisle""=>""mairie-hauteisle@wanadoo.fr""}",
"{""Hedouville""=>""mairie-hedouville@wanadoo.fr""}",
"{""Herblay""=>""mairie@herblay.fr""}",
"{""Herouville""=>""mairie@herouville-en-vexin.net""}",
"{""Hodent""=>""mairie.hodent@orange.fr""}",
"{""Jagnysousbois""=>""mairie.jagny-sous-bois@wanadoo.fr""}",
"{""Jouylemoutier""=>""secretariatgeneral@jouylemoutier.fr""}",
"{""Labbeville""=>""mairie@labbeville.fr""}",
"{""Lachapelleenvexin""=>""la-chapelle-en-vexin@wanadoo.fr""}",
"{""Lafrettesurseine""=>""mairie@ville-la-frette95.fr""}",
"{""Larocheguyon""=>""mairie.larocheguyon@wanadoo.fr""}",
"{""Lassy""=>""""}",
"{""Lebellayenvexin""=>""mairie.bellay@wanadoo.fr""}",
"{""Leheaulme""=>""mairie.le.heaulme@cegetel.net""}",
"{""Lemesnilaubry""=>""mairie.mesnil-aubry@wanadoo.fr""}",
"{""Leperchay""=>""mairie.leperchay@wanadoo.fr""}",
"{""Leplessisbouchard""=>""mairie@ville-le-plessis-bouchard.fr""}",
"{""Leplessisgassot""=>""le.plessis.gassot@wanadoo.fr""}",
"{""Leplessisluzarches""=>""mairieplessisluzarches@orange.fr""}",
"{""Lethillay""=>""p.bezillot@mairie-le-thillay.fr""}",
"{""Lisleadam""=>""m.martin@ville-isle-adam.fr""}",
"{""Livilliers""=>""mairie-de-livilliers@wanadoo.fr""}",
"{""Longuesse""=>""mairie.longuesse@orange.fr""}",
"{""Louvres""=>""communication@ville-louvres.fr""}",
"{""Luzarches""=>""v.coquillard@luzarches.net""}",
"{""Maffliers""=>""mairie-maffliers@wanadoo.fr""}",
"{""Magnyenvexin""=>""mairie@magny-en-vexin.fr""}",
"{""Mareilenfrance""=>""mairie.mareil.france@wanadoo.fr""}",
"{""Margency""=>""info@mairie-margency.fr""}",
"{""Marines""=>""mairie.marines@wanadoo.fr""}",
"{""Marlylaville""=>""""}",
"{""Maudetourenvexin""=>""mairie.maudetour@wanadoo.fr""}",
"{""Menouville""=>""""}",
"{""Menucourt""=>""communication@menucourt.fr""}",
"{""Meriel""=>""accueil.mairie@ville-de-meriel.fr""}",
"{""Merysuroise""=>""services.administratifs@merysuroise.fr""}",
"{""Moisselles""=>""mairie.moisselles@orange.fr""}",
"{""Montgeroult""=>""mairie-de-montgeroult@wanadoo.fr""}",
"{""Montignylescormeilles""=>""communication@ville-montigny95.fr""}",
"{""Montlignon""=>""mairie.montlignon@wanadoo.fr""}",
"{""Montmagny""=>""communication@ville-montmagny.fr""}",
"{""Montmorency""=>""directiongenerale@ville-montmorency.fr""}",
"{""Montreuilsurepte""=>""mairiemontreuilept@orange.fr""}",
"{""Montsoult""=>""mairie-montsoult@wanadoo.fr""}",
"{""Mours""=>""secretaire.mairie.mours@wanadoo.fr""}",
"{""Moussy""=>""mairie.de.st.denis.catus@wanadoo.fr""}",
"{""Nervillelaforet""=>""mairie-nerville95@wanadoo.fr""}",
"{""Nesleslavallee""=>""pontenay@wanadoo.fr""}",
"{""Neuillyenvexin""=>""""}",
"{""Neuvillesuroise""=>""affgenerales@neuville-sur-oise.fr""}",
"{""Nointel""=>""nointel-mairie@wanadoo.fr""}",
"{""Noisysuroise""=>""mairie.de.noisy.sur.oise@wanadoo.fr""}",
"{""Nucourt""=>""mairie.nucourt@wanadoo.fr""}",
"{""Omerville""=>""Mairie.omerville@orange.fr""}",
"{""Osny""=>""communication@ville-osny.fr""}",
"{""Parmain""=>""communication@ville-parmain.fr""}",
"{""Persan""=>""mairie@ville-persan.fr""}",
"{""Pierrelaye""=>""mairie@ville-pierrelaye.fr""}",
"{""Piscop""=>""mairie.piscop@wanadoo.fr""}",
"{""Pontoise""=>""mairie@ville-pontoise.fr""}",
"{""Presles""=>""mairie@ville-presles.fr""}",
"{""Puiseuxenfrance""=>""vsimil@roissy-online.com""}",
"{""Puiseuxpontoise""=>""mairie.puiseux-pontoise.95@wanadoo.fr""}",
"{""Roissyenfrance""=>""accueil@ville-roissy95.fr""}",
"{""Ronquerolles""=>""mairie.ronquerolles95@wanadoo.fr""}",
"{""Sagy""=>""mairie.sagy@wanadoo.fr""}",
"{""Saintbricesousforet""=>""info@saintbrice95.fr""}",
"{""Saintclairsurepte""=>""mairie-stclairsurepte@orange.fr""}",
"{""Saintcyrenarthies""=>""mairie.stcyrenarthies@wanadoo.fr""}",
"{""Saintgervais""=>""mairie.saintgervais@wanadoo.fr""}",
"{""Saintgratien""=>""info@mairie-saintgratien.fr""}",
"{""Saintleulaforet""=>""mairie@saint-leu-la-foret.fr""}",
"{""Saintmartindutertre""=>""mairiesaintmartindutertre@wanadoo.fr""}",
"{""Saintouenlaumone""=>""courrier@ville-saintouenlaumone.fr""}",
"{""Saintprix""=>""communication@saintprix.fr""}",
"{""Saintwitz""=>""mairie@saint-witz.fr""}",
"{""Sannois""=>""secretariat.general@sannois.org""}",
"{""Santeuil""=>""mairie@santeuil95.fr""}",
"{""Sarcelles""=>""comsarcelles@yahoo.fr""}",
"{""Seraincourt""=>""mairie.seraincourt95@wanadoo.fr""}",
"{""Seugy""=>""mairie.seugy@wanadoo.fr""}",
"{""Soisysousmontmorency""=>""mairie@soisy-sous-montmorency.fr""}",
"{""Survilliers""=>""vincent@roissy-online.com""}",
"{""Taverny""=>""mairie@ville-taverny.fr""}",
"{""Themericourt""=>""mairie.themericourt@wanadoo.fr""}",
"{""Theuville""=>""mairie.theuville.mts@wanadoo.fr""}",
"{""Us""=>""mairie.us.95@wanadoo.fr""}",
"{""Vallangoujard""=>""secretariat@vallangoujard.fr""}",
"{""Valmondois""=>""mairievalmondois@gmail.com""}",
"{""Vaudherland""=>""""}",
"{""Vaureal""=>""communication@mairie-vaureal.fr""}",
"{""Vemars""=>""sandrine_ravenel@yahoo.fr""}",
"{""Vetheuil""=>""mairiedevetheuil@orange.fr""}",
"{""Viarmes""=>""ville-viarmes@wanadoo.fr""}",
"{""Vienneenarthies""=>""mairie.viennearthies@wanadoo.fr""}",
"{""Vigny""=>""mairie.vigny@wanadoo.fr""}",
"{""Villainessousbois""=>""mairie@villaines-sous-bois.fr""}",
"{""Villeron""=>""accueilvilleron@roissy-online.com""}",
"{""Villersenarthies""=>""mairie.villers@free.fr""}",
"{""Villiersadam""=>""mairie.villiersadam@wanadoo.fr""}",
"{""Villierslebel""=>""secretariatgeneral@ville-villiers-le-bel.fr""}",
"{""Villierslesec""=>""mairie.villiers-le-sec@wanadoo.fr""}",
"{""Wyditjolivillage""=>""mairie.wy-dit-joli-village@wanadoo.fr""}",
